danceability,energy,key,loudness,mode,speechiness,acousticness,instrumentalness,liveness,valence,tempo,type,id,uri,track_href,analysis_url,duration_ms,time_signature,song_id
0.183,0.153,2,-18.542,0,0.0384,0.887,0.965,0.105,0.0391,180.487,audio_features,0bIL5bznf2gXJZLPiJAbxo,spotify:track:0bIL5bznf2gXJZLPiJAbxo,https://api.spotify.com/v1/tracks/0bIL5bznf2gXJZLPiJAbxo,https://api.spotify.com/v1/audio-analysis/0bIL5bznf2gXJZLPiJAbxo,181035,3,0bIL5bznf2gXJZLPiJAbxo
0.817,0.282,11,-12.185,1,0.0576,0.0225,0.872,0.0644,0.196,113.972,audio_features,6jInavnstNIC9tjcKPKcUI,spotify:track:6jInavnstNIC9tjcKPKcUI,https://api.spotify.com/v1/tracks/6jInavnstNIC9tjcKPKcUI,https://api.spotify.com/v1/audio-analysis/6jInavnstNIC9tjcKPKcUI,185500,4,6jInavnstNIC9tjcKPKcUI
0.502,0.42,0,-10.038,1,0.0497,0.233,0.705,0.461,0.146,81.941,audio_features,02zafVOvsZq3EEgY1FfbgQ,spotify:track:02zafVOvsZq3EEgY1FfbgQ,https://api.spotify.com/v1/tracks/02zafVOvsZq3EEgY1FfbgQ,https://api.spotify.com/v1/audio-analysis/02zafVOvsZq3EEgY1FfbgQ,156779,4,02zafVOvsZq3EEgY1FfbgQ
0.331,0.233,9,-19.701,1,0.0345,0.496,0.884,0.118,0.338,92.014,audio_features,38YVBQRdxGGJVysTLM09aB,spotify:track:38YVBQRdxGGJVysTLM09aB,https://api.spotify.com/v1/tracks/38YVBQRdxGGJVysTLM09aB,https://api.spotify.com/v1/audio-analysis/38YVBQRdxGGJVysTLM09aB,212695,4,38YVBQRdxGGJVysTLM09aB
0.113,0.473,9,-12.744,0,0.043,0.53,0.979,0.4,0.186,68.03,audio_features,5mZNvFTQ2Xy7hHkqKOoFz8,spotify:track:5mZNvFTQ2Xy7hHkqKOoFz8,https://api.spotify.com/v1/tracks/5mZNvFTQ2Xy7hHkqKOoFz8,https://api.spotify.com/v1/audio-analysis/5mZNvFTQ2Xy7hHkqKOoFz8,170394,4,5mZNvFTQ2Xy7hHkqKOoFz8
0.675,0.139,2,-12.299,1,0.0425,0.434,0.966,0.0882,0.156,85.017,audio_features,7w4zwYIZfJABMzeIbCCcCh,spotify:track:7w4zwYIZfJABMzeIbCCcCh,https://api.spotify.com/v1/tracks/7w4zwYIZfJABMzeIbCCcCh,https://api.spotify.com/v1/audio-analysis/7w4zwYIZfJABMzeIbCCcCh,142625,4,7w4zwYIZfJABMzeIbCCcCh
0.337,0.305,0,-13.404,0,0.0301,0.713,0.961,0.348,0.0911,70.06,audio_features,0VBtT45h0WN2m76mjuBz8i,spotify:track:0VBtT45h0WN2m76mjuBz8i,https://api.spotify.com/v1/tracks/0VBtT45h0WN2m76mjuBz8i,https://api.spotify.com/v1/audio-analysis/0VBtT45h0WN2m76mjuBz8i,81389,4,0VBtT45h0WN2m76mjuBz8i
0.445,0.457,10,-12.759,1,0.0825,0.749,0.00116,0.129,0.0639,52.235,audio_features,5FL7eUhAFgmV6FzrNYbdUO,spotify:track:5FL7eUhAFgmV6FzrNYbdUO,https://api.spotify.com/v1/tracks/5FL7eUhAFgmV6FzrNYbdUO,https://api.spotify.com/v1/audio-analysis/5FL7eUhAFgmV6FzrNYbdUO,115316,4,5FL7eUhAFgmV6FzrNYbdUO
0.605,0.327,9,-8.263,0,0.0314,0.888,0.845,0.141,0.0839,171.935,audio_features,6AHUn3ISwXly5nCl1c9qZJ,spotify:track:6AHUn3ISwXly5nCl1c9qZJ,https://api.spotify.com/v1/tracks/6AHUn3ISwXly5nCl1c9qZJ,https://api.spotify.com/v1/audio-analysis/6AHUn3ISwXly5nCl1c9qZJ,180726,4,6AHUn3ISwXly5nCl1c9qZJ
0.345,0.221,9,-15.915,0,0.0514,0.829,0.8,0.123,0.0592,70.475,audio_features,79NL7aaIlT58iAFnqk0azJ,spotify:track:79NL7aaIlT58iAFnqk0azJ,https://api.spotify.com/v1/tracks/79NL7aaIlT58iAFnqk0azJ,https://api.spotify.com/v1/audio-analysis/79NL7aaIlT58iAFnqk0azJ,195822,4,79NL7aaIlT58iAFnqk0azJ
0.544,0.543,1,-12.962,1,0.0452,0.874,0.13,0.112,0.0444,92.575,audio_features,5Y69oMuGeIxfP4tIcCv6EO,spotify:track:5Y69oMuGeIxfP4tIcCv6EO,https://api.spotify.com/v1/tracks/5Y69oMuGeIxfP4tIcCv6EO,https://api.spotify.com/v1/audio-analysis/5Y69oMuGeIxfP4tIcCv6EO,171628,4,5Y69oMuGeIxfP4tIcCv6EO
0.464,0.483,8,-12.171,1,0.103,0.68,0.0135,0.603,0.132,68.043,audio_features,6FivklnH17aY0ST7Wyx2zl,spotify:track:6FivklnH17aY0ST7Wyx2zl,https://api.spotify.com/v1/tracks/6FivklnH17aY0ST7Wyx2zl,https://api.spotify.com/v1/audio-analysis/6FivklnH17aY0ST7Wyx2zl,184976,4,6FivklnH17aY0ST7Wyx2zl
0.265,0.336,8,-21.801,1,0.0802,0.929,0.977,0.234,0.254,112.554,audio_features,0BRVlM53y3NEqKtM3oyo1a,spotify:track:0BRVlM53y3NEqKtM3oyo1a,https://api.spotify.com/v1/tracks/0BRVlM53y3NEqKtM3oyo1a,https://api.spotify.com/v1/audio-analysis/0BRVlM53y3NEqKtM3oyo1a,85405,1,0BRVlM53y3NEqKtM3oyo1a
0.452,0.24,2,-20.509,1,0.0595,0.238,0.874,0.282,0.131,102.048,audio_features,1clKbPcDdAyAhNE6DxHvdB,spotify:track:1clKbPcDdAyAhNE6DxHvdB,https://api.spotify.com/v1/tracks/1clKbPcDdAyAhNE6DxHvdB,https://api.spotify.com/v1/audio-analysis/1clKbPcDdAyAhNE6DxHvdB,131300,5,1clKbPcDdAyAhNE6DxHvdB
0.54,0.341,11,-16.123,1,0.0454,0.739,0.903,0.0872,0.622,126.041,audio_features,1YvJYujD7KG09TlMVmJoxv,spotify:track:1YvJYujD7KG09TlMVmJoxv,https://api.spotify.com/v1/tracks/1YvJYujD7KG09TlMVmJoxv,https://api.spotify.com/v1/audio-analysis/1YvJYujD7KG09TlMVmJoxv,213500,4,1YvJYujD7KG09TlMVmJoxv
0.817,0.348,6,-11.622,1,0.0462,0.671,0.0839,0.114,0.504,135.97,audio_features,6fanE3yCNrl6Arei2fa0S2,spotify:track:6fanE3yCNrl6Arei2fa0S2,https://api.spotify.com/v1/tracks/6fanE3yCNrl6Arei2fa0S2,https://api.spotify.com/v1/audio-analysis/6fanE3yCNrl6Arei2fa0S2,171555,4,6fanE3yCNrl6Arei2fa0S2
0.503,0.432,0,-11.791,1,0.0309,0.836,0.934,0.148,0.212,90.021,audio_features,1HKwhRFTEuVOrv5UulxsoL,spotify:track:1HKwhRFTEuVOrv5UulxsoL,https://api.spotify.com/v1/tracks/1HKwhRFTEuVOrv5UulxsoL,https://api.spotify.com/v1/audio-analysis/1HKwhRFTEuVOrv5UulxsoL,202695,4,1HKwhRFTEuVOrv5UulxsoL
0.723,0.231,11,-14.818,1,0.424,0.864,0.898,0.108,0.202,153.963,audio_features,2hfc0DJukQvc4nkqoxHSHJ,spotify:track:2hfc0DJukQvc4nkqoxHSHJ,https://api.spotify.com/v1/tracks/2hfc0DJukQvc4nkqoxHSHJ,https://api.spotify.com/v1/audio-analysis/2hfc0DJukQvc4nkqoxHSHJ,125193,4,2hfc0DJukQvc4nkqoxHSHJ
0.67,0.395,4,-16.845,1,0.0557,0.876,0.886,0.0881,0.128,93.044,audio_features,5a4VtJR72X69vBoXkJ67br,spotify:track:5a4VtJR72X69vBoXkJ67br,https://api.spotify.com/v1/tracks/5a4VtJR72X69vBoXkJ67br,https://api.spotify.com/v1/audio-analysis/5a4VtJR72X69vBoXkJ67br,140958,4,5a4VtJR72X69vBoXkJ67br
0.376,0.444,0,-9.666,1,0.0445,0.648,0.909,0.115,0.173,85.921,audio_features,1Tc5vjg3ZNpnplp0UgVEv9,spotify:track:1Tc5vjg3ZNpnplp0UgVEv9,https://api.spotify.com/v1/tracks/1Tc5vjg3ZNpnplp0UgVEv9,https://api.spotify.com/v1/audio-analysis/1Tc5vjg3ZNpnplp0UgVEv9,172828,4,1Tc5vjg3ZNpnplp0UgVEv9
0.719,0.309,1,-18.376,1,0.0861,0.695,0.852,0.113,0.754,143.984,audio_features,4IoLqzUSgIGCvaomEjnGQK,spotify:track:4IoLqzUSgIGCvaomEjnGQK,https://api.spotify.com/v1/tracks/4IoLqzUSgIGCvaomEjnGQK,https://api.spotify.com/v1/audio-analysis/4IoLqzUSgIGCvaomEjnGQK,133375,4,4IoLqzUSgIGCvaomEjnGQK
0.671,0.192,7,-11.224,1,0.0372,0.0432,0.902,0.157,0.503,77.98,audio_features,37WmN7f3nqBksata0tlydR,spotify:track:37WmN7f3nqBksata0tlydR,https://api.spotify.com/v1/tracks/37WmN7f3nqBksata0tlydR,https://api.spotify.com/v1/audio-analysis/37WmN7f3nqBksata0tlydR,142000,4,37WmN7f3nqBksata0tlydR
0.476,0.283,2,-13.004,1,0.0402,0.897,0.892,0.0841,0.252,118.248,audio_features,0TGuICmWUyrONdF55k50d0,spotify:track:0TGuICmWUyrONdF55k50d0,https://api.spotify.com/v1/tracks/0TGuICmWUyrONdF55k50d0,https://api.spotify.com/v1/audio-analysis/0TGuICmWUyrONdF55k50d0,208452,4,0TGuICmWUyrONdF55k50d0
0.643,0.0434,6,-24.906,0,0.0368,0.8,0.842,0.102,0.0398,102.996,audio_features,40npQtddMJzU9ZTeMWdvy1,spotify:track:40npQtddMJzU9ZTeMWdvy1,https://api.spotify.com/v1/tracks/40npQtddMJzU9ZTeMWdvy1,https://api.spotify.com/v1/audio-analysis/40npQtddMJzU9ZTeMWdvy1,279612,4,40npQtddMJzU9ZTeMWdvy1
0.695,0.588,0,-11.966,0,0.0354,0.539,0.929,0.0635,0.331,125.994,audio_features,43Mb0MlhsiUVZ0J28IypOd,spotify:track:43Mb0MlhsiUVZ0J28IypOd,https://api.spotify.com/v1/tracks/43Mb0MlhsiUVZ0J28IypOd,https://api.spotify.com/v1/audio-analysis/43Mb0MlhsiUVZ0J28IypOd,153525,4,43Mb0MlhsiUVZ0J28IypOd
0.737,0.253,0,-22.033,1,0.0585,0.778,0.898,0.455,0.346,136.998,audio_features,4w5hmEbIgM4T6LthG3uu91,spotify:track:4w5hmEbIgM4T6LthG3uu91,https://api.spotify.com/v1/tracks/4w5hmEbIgM4T6LthG3uu91,https://api.spotify.com/v1/audio-analysis/4w5hmEbIgM4T6LthG3uu91,172000,3,4w5hmEbIgM4T6LthG3uu91
0.319,0.0893,9,-25.075,1,0.0377,0.965,0.878,0.0725,0.0389,136.669,audio_features,4GBsaLck5U9CaK8RveCNrb,spotify:track:4GBsaLck5U9CaK8RveCNrb,https://api.spotify.com/v1/tracks/4GBsaLck5U9CaK8RveCNrb,https://api.spotify.com/v1/audio-analysis/4GBsaLck5U9CaK8RveCNrb,87809,4,4GBsaLck5U9CaK8RveCNrb
0.55,0.389,9,-15.902,0,0.0298,0.696,0.851,0.0658,0.046,109.98,audio_features,5pved066wLsGYFfOwHdGSw,spotify:track:5pved066wLsGYFfOwHdGSw,https://api.spotify.com/v1/tracks/5pved066wLsGYFfOwHdGSw,https://api.spotify.com/v1/audio-analysis/5pved066wLsGYFfOwHdGSw,167656,4,5pved066wLsGYFfOwHdGSw
0.532,0.238,6,-13.76,0,0.181,0.725,0.731,0.0964,0.218,77.702,audio_features,4sEYmwNbv9ntY43xWSqFEP,spotify:track:4sEYmwNbv9ntY43xWSqFEP,https://api.spotify.com/v1/tracks/4sEYmwNbv9ntY43xWSqFEP,https://api.spotify.com/v1/audio-analysis/4sEYmwNbv9ntY43xWSqFEP,170079,4,4sEYmwNbv9ntY43xWSqFEP
0.584,0.23,10,-15.099,1,0.0322,0.772,0.964,0.124,0.0502,115.946,audio_features,0YCeB4k8qnU6zODfjgPSXw,spotify:track:0YCeB4k8qnU6zODfjgPSXw,https://api.spotify.com/v1/tracks/0YCeB4k8qnU6zODfjgPSXw,https://api.spotify.com/v1/audio-analysis/0YCeB4k8qnU6zODfjgPSXw,151785,4,0YCeB4k8qnU6zODfjgPSXw
0.742,0.158,8,-16.145,1,0.067,0.909,0.952,0.12,0.614,85.062,audio_features,2u4rGxZNBmTFf7ySt0WKmO,spotify:track:2u4rGxZNBmTFf7ySt0WKmO,https://api.spotify.com/v1/tracks/2u4rGxZNBmTFf7ySt0WKmO,https://api.spotify.com/v1/audio-analysis/2u4rGxZNBmTFf7ySt0WKmO,151023,4,2u4rGxZNBmTFf7ySt0WKmO
0.792,0.253,0,-9.057,0,0.0651,0.605,0.408,0.0797,0.512,81.034,audio_features,54mBMl7kbHWjnhVWFEDhEg,spotify:track:54mBMl7kbHWjnhVWFEDhEg,https://api.spotify.com/v1/tracks/54mBMl7kbHWjnhVWFEDhEg,https://api.spotify.com/v1/audio-analysis/54mBMl7kbHWjnhVWFEDhEg,149793,4,54mBMl7kbHWjnhVWFEDhEg
0.684,0.194,7,-9.336,1,0.34,0.809,0.906,0.365,0.646,82.028,audio_features,11wqgYbg5K682IiB27e3Ro,spotify:track:11wqgYbg5K682IiB27e3Ro,https://api.spotify.com/v1/tracks/11wqgYbg5K682IiB27e3Ro,https://api.spotify.com/v1/audio-analysis/11wqgYbg5K682IiB27e3Ro,145766,4,11wqgYbg5K682IiB27e3Ro
0.439,0.37,2,-17.115,1,0.0393,0.711,0.955,0.0979,0.123,99.962,audio_features,4JYSoc7U2uoDFlfPDJElzD,spotify:track:4JYSoc7U2uoDFlfPDJElzD,https://api.spotify.com/v1/tracks/4JYSoc7U2uoDFlfPDJElzD,https://api.spotify.com/v1/audio-analysis/4JYSoc7U2uoDFlfPDJElzD,233500,4,4JYSoc7U2uoDFlfPDJElzD
0.617,0.29,11,-12.327,0,0.0322,0.508,0.855,0.106,0.329,59.999,audio_features,1fvMkmLfPNJ98Gp0NtOGXm,spotify:track:1fvMkmLfPNJ98Gp0NtOGXm,https://api.spotify.com/v1/tracks/1fvMkmLfPNJ98Gp0NtOGXm,https://api.spotify.com/v1/audio-analysis/1fvMkmLfPNJ98Gp0NtOGXm,154125,4,1fvMkmLfPNJ98Gp0NtOGXm
0.793,0.478,4,-12.104,0,0.0372,0.811,0.91,0.101,0.524,136.015,audio_features,6sJowZTuWCxepS0UYNmb0P,spotify:track:6sJowZTuWCxepS0UYNmb0P,https://api.spotify.com/v1/tracks/6sJowZTuWCxepS0UYNmb0P,https://api.spotify.com/v1/audio-analysis/6sJowZTuWCxepS0UYNmb0P,147163,4,6sJowZTuWCxepS0UYNmb0P
0.648,0.436,8,-12.159,1,0.0327,0.781,0.86,0.116,0.729,112.019,audio_features,4gUo4dVnUpqtebVepLYWrz,spotify:track:4gUo4dVnUpqtebVepLYWrz,https://api.spotify.com/v1/tracks/4gUo4dVnUpqtebVepLYWrz,https://api.spotify.com/v1/audio-analysis/4gUo4dVnUpqtebVepLYWrz,139286,4,4gUo4dVnUpqtebVepLYWrz
0.586,0.0687,4,-19.177,1,0.0518,0.873,0.921,0.0801,0.353,85.091,audio_features,6GWoHvFQCFHKZQuzSrrWNT,spotify:track:6GWoHvFQCFHKZQuzSrrWNT,https://api.spotify.com/v1/tracks/6GWoHvFQCFHKZQuzSrrWNT,https://api.spotify.com/v1/audio-analysis/6GWoHvFQCFHKZQuzSrrWNT,169187,4,6GWoHvFQCFHKZQuzSrrWNT
0.684,0.374,8,-14.037,1,0.127,0.732,0.876,0.0421,0.703,87.004,audio_features,2KTG3QxhX1D8l8d3ElGnKt,spotify:track:2KTG3QxhX1D8l8d3ElGnKt,https://api.spotify.com/v1/tracks/2KTG3QxhX1D8l8d3ElGnKt,https://api.spotify.com/v1/audio-analysis/2KTG3QxhX1D8l8d3ElGnKt,99310,4,2KTG3QxhX1D8l8d3ElGnKt
0.769,0.487,7,-8.597,0,0.0362,0.651,0.72,0.172,0.635,124.098,audio_features,1YY2lkGfEpClofFJDjgyTI,spotify:track:1YY2lkGfEpClofFJDjgyTI,https://api.spotify.com/v1/tracks/1YY2lkGfEpClofFJDjgyTI,https://api.spotify.com/v1/audio-analysis/1YY2lkGfEpClofFJDjgyTI,205379,4,1YY2lkGfEpClofFJDjgyTI
0.675,0.344,2,-13.858,1,0.0539,0.829,0.841,0.0976,0.79,140.02,audio_features,67Wiqrnvp71d1jxIx3F1Q8,spotify:track:67Wiqrnvp71d1jxIx3F1Q8,https://api.spotify.com/v1/tracks/67Wiqrnvp71d1jxIx3F1Q8,https://api.spotify.com/v1/audio-analysis/67Wiqrnvp71d1jxIx3F1Q8,144055,4,67Wiqrnvp71d1jxIx3F1Q8
0.562,0.3,9,-16.679,1,0.141,0.931,0.81,0.0962,0.0427,80.015,audio_features,1Cv2ZxzF8qspdG1x8h2q07,spotify:track:1Cv2ZxzF8qspdG1x8h2q07,https://api.spotify.com/v1/tracks/1Cv2ZxzF8qspdG1x8h2q07,https://api.spotify.com/v1/audio-analysis/1Cv2ZxzF8qspdG1x8h2q07,168750,4,1Cv2ZxzF8qspdG1x8h2q07
0.657,0.228,11,-16.313,1,0.137,0.683,0.458,0.134,0.645,148.248,audio_features,7JVfIv0ymBzxJNGuWpHbWZ,spotify:track:7JVfIv0ymBzxJNGuWpHbWZ,https://api.spotify.com/v1/tracks/7JVfIv0ymBzxJNGuWpHbWZ,https://api.spotify.com/v1/audio-analysis/7JVfIv0ymBzxJNGuWpHbWZ,124000,4,7JVfIv0ymBzxJNGuWpHbWZ
0.736,0.195,8,-14.166,1,0.0458,0.945,0.943,0.144,0.435,78.004,audio_features,54lECXFd2ARHxwOfIVncxJ,spotify:track:54lECXFd2ARHxwOfIVncxJ,https://api.spotify.com/v1/tracks/54lECXFd2ARHxwOfIVncxJ,https://api.spotify.com/v1/audio-analysis/54lECXFd2ARHxwOfIVncxJ,149966,4,54lECXFd2ARHxwOfIVncxJ
0.749,0.3,11,-15.608,1,0.0647,0.798,0.703,0.102,0.515,136.026,audio_features,11LM5lAlGpLb0re5Tz5b6f,spotify:track:11LM5lAlGpLb0re5Tz5b6f,https://api.spotify.com/v1/tracks/11LM5lAlGpLb0re5Tz5b6f,https://api.spotify.com/v1/audio-analysis/11LM5lAlGpLb0re5Tz5b6f,178280,4,11LM5lAlGpLb0re5Tz5b6f
0.465,0.149,0,-21.508,0,0.0323,0.985,0.896,0.0883,0.0548,74.696,audio_features,6pX6NaBpjuzOT9a3XL2HHL,spotify:track:6pX6NaBpjuzOT9a3XL2HHL,https://api.spotify.com/v1/tracks/6pX6NaBpjuzOT9a3XL2HHL,https://api.spotify.com/v1/audio-analysis/6pX6NaBpjuzOT9a3XL2HHL,180269,5,6pX6NaBpjuzOT9a3XL2HHL
0.729,0.328,7,-14.326,0,0.191,0.632,0.914,0.294,0.451,143.864,audio_features,3ZStwT2LJ3lTUDUuzGOeyR,spotify:track:3ZStwT2LJ3lTUDUuzGOeyR,https://api.spotify.com/v1/tracks/3ZStwT2LJ3lTUDUuzGOeyR,https://api.spotify.com/v1/audio-analysis/3ZStwT2LJ3lTUDUuzGOeyR,128333,4,3ZStwT2LJ3lTUDUuzGOeyR
0.421,0.24,1,-11.625,1,0.149,0.833,0.897,0.109,0.144,68.217,audio_features,3RNZ4U4gxGQTY8VIHm5vvA,spotify:track:3RNZ4U4gxGQTY8VIHm5vvA,https://api.spotify.com/v1/tracks/3RNZ4U4gxGQTY8VIHm5vvA,https://api.spotify.com/v1/audio-analysis/3RNZ4U4gxGQTY8VIHm5vvA,197436,4,3RNZ4U4gxGQTY8VIHm5vvA
0.843,0.36,0,-8.96,0,0.123,0.207,0.826,0.103,0.811,152.037,audio_features,590oBESzh5nFWG6JBpgSl0,spotify:track:590oBESzh5nFWG6JBpgSl0,https://api.spotify.com/v1/tracks/590oBESzh5nFWG6JBpgSl0,https://api.spotify.com/v1/audio-analysis/590oBESzh5nFWG6JBpgSl0,118986,4,590oBESzh5nFWG6JBpgSl0
0.594,0.244,9,-15.553,1,0.0296,0.854,0.92,0.121,0.139,90.025,audio_features,012d9iwBpP8XFXiCDJLnJp,spotify:track:012d9iwBpP8XFXiCDJLnJp,https://api.spotify.com/v1/tracks/012d9iwBpP8XFXiCDJLnJp,https://api.spotify.com/v1/audio-analysis/012d9iwBpP8XFXiCDJLnJp,130667,4,012d9iwBpP8XFXiCDJLnJp
0.495,0.182,8,-19.584,0,0.0334,0.895,0.902,0.0935,0.0392,139.85,audio_features,4fjZGpEkKb3I9Ho0uy1gi1,spotify:track:4fjZGpEkKb3I9Ho0uy1gi1,https://api.spotify.com/v1/tracks/4fjZGpEkKb3I9Ho0uy1gi1,https://api.spotify.com/v1/audio-analysis/4fjZGpEkKb3I9Ho0uy1gi1,136037,4,4fjZGpEkKb3I9Ho0uy1gi1
0.548,0.39,4,-5.42,1,0.0504,0.852,0.879,0.124,0.549,85.865,audio_features,1CsIJGGNelLZWzsVKvZXFY,spotify:track:1CsIJGGNelLZWzsVKvZXFY,https://api.spotify.com/v1/tracks/1CsIJGGNelLZWzsVKvZXFY,https://api.spotify.com/v1/audio-analysis/1CsIJGGNelLZWzsVKvZXFY,114176,4,1CsIJGGNelLZWzsVKvZXFY
0.768,0.683,8,-7.445,1,0.225,0.0399,0.0122,0.109,0.275,142.013,audio_features,0qb0JwB7kn5Rtbf1AgMt1U,spotify:track:0qb0JwB7kn5Rtbf1AgMt1U,https://api.spotify.com/v1/tracks/0qb0JwB7kn5Rtbf1AgMt1U,https://api.spotify.com/v1/audio-analysis/0qb0JwB7kn5Rtbf1AgMt1U,261947,4,0qb0JwB7kn5Rtbf1AgMt1U
0.679,0.264,10,-13.535,0,0.145,0.0916,0.89,0.0783,0.663,87.447,audio_features,3AfFHkw2akx3BsVBdePvSz,spotify:track:3AfFHkw2akx3BsVBdePvSz,https://api.spotify.com/v1/tracks/3AfFHkw2akx3BsVBdePvSz,https://api.spotify.com/v1/audio-analysis/3AfFHkw2akx3BsVBdePvSz,90487,4,3AfFHkw2akx3BsVBdePvSz
0.751,0.458,8,-11.19,1,0.0522,0.658,0.935,0.144,0.326,137.53,audio_features,3O5njvd5zm3dinj44ZY2Nq,spotify:track:3O5njvd5zm3dinj44ZY2Nq,https://api.spotify.com/v1/tracks/3O5njvd5zm3dinj44ZY2Nq,https://api.spotify.com/v1/audio-analysis/3O5njvd5zm3dinj44ZY2Nq,159453,4,3O5njvd5zm3dinj44ZY2Nq
0.343,0.14,10,-18.202,1,0.111,0.947,0.917,0.0753,0.0579,66.016,audio_features,2IE2WfyffWnaaD8R64GEji,spotify:track:2IE2WfyffWnaaD8R64GEji,https://api.spotify.com/v1/tracks/2IE2WfyffWnaaD8R64GEji,https://api.spotify.com/v1/audio-analysis/2IE2WfyffWnaaD8R64GEji,130909,3,2IE2WfyffWnaaD8R64GEji
0.62,0.309,4,-14.663,1,0.0311,0.92,0.921,0.125,0.284,87.002,audio_features,43M7HXyStOJ79yJh8YNmtj,spotify:track:43M7HXyStOJ79yJh8YNmtj,https://api.spotify.com/v1/tracks/43M7HXyStOJ79yJh8YNmtj,https://api.spotify.com/v1/audio-analysis/43M7HXyStOJ79yJh8YNmtj,124348,4,43M7HXyStOJ79yJh8YNmtj
0.837,0.188,7,-14.175,1,0.398,0.162,0.784,0.0669,0.78,118.083,audio_features,5k4L8j34xiEt8C2Pc0iVX6,spotify:track:5k4L8j34xiEt8C2Pc0iVX6,https://api.spotify.com/v1/tracks/5k4L8j34xiEt8C2Pc0iVX6,https://api.spotify.com/v1/audio-analysis/5k4L8j34xiEt8C2Pc0iVX6,154500,4,5k4L8j34xiEt8C2Pc0iVX6
0.837,0.254,1,-18.526,0,0.0793,0.586,0.8,0.084,0.5,86.993,audio_features,4JXuRUin0V2ASYNPxMqLZX,spotify:track:4JXuRUin0V2ASYNPxMqLZX,https://api.spotify.com/v1/tracks/4JXuRUin0V2ASYNPxMqLZX,https://api.spotify.com/v1/audio-analysis/4JXuRUin0V2ASYNPxMqLZX,133750,4,4JXuRUin0V2ASYNPxMqLZX
0.505,0.239,0,-24.633,1,0.0428,0.984,0.92,0.131,0.606,151.709,audio_features,3KAKrNJlOdqwD9cQkySaIu,spotify:track:3KAKrNJlOdqwD9cQkySaIu,https://api.spotify.com/v1/tracks/3KAKrNJlOdqwD9cQkySaIu,https://api.spotify.com/v1/audio-analysis/3KAKrNJlOdqwD9cQkySaIu,206269,4,3KAKrNJlOdqwD9cQkySaIu
0.466,0.32,7,-10.272,1,0.0711,0.935,0.922,0.0864,0.16,139.281,audio_features,2hwvLxTTBLo0dJuGjsGIk5,spotify:track:2hwvLxTTBLo0dJuGjsGIk5,https://api.spotify.com/v1/tracks/2hwvLxTTBLo0dJuGjsGIk5,https://api.spotify.com/v1/audio-analysis/2hwvLxTTBLo0dJuGjsGIk5,156942,5,2hwvLxTTBLo0dJuGjsGIk5
0.809,0.398,0,-11.436,0,0.0379,0.863,0.94,0.122,0.347,95.023,audio_features,0Q1YRK69X3kGHAbhR9qrrL,spotify:track:0Q1YRK69X3kGHAbhR9qrrL,https://api.spotify.com/v1/tracks/0Q1YRK69X3kGHAbhR9qrrL,https://api.spotify.com/v1/audio-analysis/0Q1YRK69X3kGHAbhR9qrrL,257684,4,0Q1YRK69X3kGHAbhR9qrrL
0.422,0.341,10,-23.038,1,0.113,0.987,0.93,0.264,0.121,128.263,audio_features,4FmQ6mob5bgBNdd9I1Owou,spotify:track:4FmQ6mob5bgBNdd9I1Owou,https://api.spotify.com/v1/tracks/4FmQ6mob5bgBNdd9I1Owou,https://api.spotify.com/v1/audio-analysis/4FmQ6mob5bgBNdd9I1Owou,153139,4,4FmQ6mob5bgBNdd9I1Owou
0.769,0.106,6,-14.517,1,0.0502,0.985,0.95,0.101,0.344,130.293,audio_features,6A8r64MFSLRcYSE4jEim61,spotify:track:6A8r64MFSLRcYSE4jEim61,https://api.spotify.com/v1/tracks/6A8r64MFSLRcYSE4jEim61,https://api.spotify.com/v1/audio-analysis/6A8r64MFSLRcYSE4jEim61,124599,4,6A8r64MFSLRcYSE4jEim61
0.714,0.2,6,-16.157,1,0.0403,0.971,0.907,0.104,0.0937,120.052,audio_features,3gOoJDeCQjMl9xn6Mmtlfb,spotify:track:3gOoJDeCQjMl9xn6Mmtlfb,https://api.spotify.com/v1/tracks/3gOoJDeCQjMl9xn6Mmtlfb,https://api.spotify.com/v1/audio-analysis/3gOoJDeCQjMl9xn6Mmtlfb,199207,4,3gOoJDeCQjMl9xn6Mmtlfb
0.593,0.312,11,-18.529,1,0.079,0.861,0.921,0.125,0.0398,134.008,audio_features,7fV6GrZ9KxX5yN4MMbMLH8,spotify:track:7fV6GrZ9KxX5yN4MMbMLH8,https://api.spotify.com/v1/tracks/7fV6GrZ9KxX5yN4MMbMLH8,https://api.spotify.com/v1/audio-analysis/7fV6GrZ9KxX5yN4MMbMLH8,188902,4,7fV6GrZ9KxX5yN4MMbMLH8
0.702,0.122,3,-21.175,1,0.0459,0.805,0.833,0.089,0.074,82.708,audio_features,1ZsMwepGc2QfBJxzpXxc3u,spotify:track:1ZsMwepGc2QfBJxzpXxc3u,https://api.spotify.com/v1/tracks/1ZsMwepGc2QfBJxzpXxc3u,https://api.spotify.com/v1/audio-analysis/1ZsMwepGc2QfBJxzpXxc3u,171833,4,1ZsMwepGc2QfBJxzpXxc3u
0.751,0.187,7,-12.725,1,0.0509,0.543,0.767,0.0799,0.234,126.2,audio_features,0sMhEQ4ilodz4vjKh5ROXx,spotify:track:0sMhEQ4ilodz4vjKh5ROXx,https://api.spotify.com/v1/tracks/0sMhEQ4ilodz4vjKh5ROXx,https://api.spotify.com/v1/audio-analysis/0sMhEQ4ilodz4vjKh5ROXx,186371,4,0sMhEQ4ilodz4vjKh5ROXx
0.506,0.0283,7,-23.562,1,0.0369,0.947,0.889,0.0849,0.18,96.055,audio_features,2xmSgWm5hzciPleO5SIqdN,spotify:track:2xmSgWm5hzciPleO5SIqdN,https://api.spotify.com/v1/tracks/2xmSgWm5hzciPleO5SIqdN,https://api.spotify.com/v1/audio-analysis/2xmSgWm5hzciPleO5SIqdN,141379,4,2xmSgWm5hzciPleO5SIqdN
0.867,0.0866,9,-21.667,1,0.0974,0.357,0.44,0.1,0.493,132.002,audio_features,4KXQ8urNvqvr0owWsp1u5e,spotify:track:4KXQ8urNvqvr0owWsp1u5e,https://api.spotify.com/v1/tracks/4KXQ8urNvqvr0owWsp1u5e,https://api.spotify.com/v1/audio-analysis/4KXQ8urNvqvr0owWsp1u5e,152750,4,4KXQ8urNvqvr0owWsp1u5e
0.51,0.252,1,-14.081,1,0.0479,0.899,0.622,0.106,0.149,108.965,audio_features,5Hr3m9WvG9jHR8MT1lOsrk,spotify:track:5Hr3m9WvG9jHR8MT1lOsrk,https://api.spotify.com/v1/tracks/5Hr3m9WvG9jHR8MT1lOsrk,https://api.spotify.com/v1/audio-analysis/5Hr3m9WvG9jHR8MT1lOsrk,180598,1,5Hr3m9WvG9jHR8MT1lOsrk
0.755,0.0709,9,-21.439,1,0.0433,0.426,0.944,0.076,0.662,119.995,audio_features,3j25YoFbUKbxivPlYdSop2,spotify:track:3j25YoFbUKbxivPlYdSop2,https://api.spotify.com/v1/tracks/3j25YoFbUKbxivPlYdSop2,https://api.spotify.com/v1/audio-analysis/3j25YoFbUKbxivPlYdSop2,139275,4,3j25YoFbUKbxivPlYdSop2
0.767,0.294,7,-17.166,0,0.0426,0.927,0.908,0.111,0.135,116.007,audio_features,28pCnoV4yTMcU2UojxKjgK,spotify:track:28pCnoV4yTMcU2UojxKjgK,https://api.spotify.com/v1/tracks/28pCnoV4yTMcU2UojxKjgK,https://api.spotify.com/v1/audio-analysis/28pCnoV4yTMcU2UojxKjgK,182313,4,28pCnoV4yTMcU2UojxKjgK
0.503,0.157,11,-15.226,1,0.127,0.527,0.808,0.11,0.13,76.85,audio_features,4Pyfm47MwAKVNyvlzFXnav,spotify:track:4Pyfm47MwAKVNyvlzFXnav,https://api.spotify.com/v1/tracks/4Pyfm47MwAKVNyvlzFXnav,https://api.spotify.com/v1/audio-analysis/4Pyfm47MwAKVNyvlzFXnav,164800,4,4Pyfm47MwAKVNyvlzFXnav
0.741,0.236,9,-11.218,0,0.0884,0.847,0.872,0.108,0.403,82.966,audio_features,1hHcatFG2PzL9kbEmzGXXK,spotify:track:1hHcatFG2PzL9kbEmzGXXK,https://api.spotify.com/v1/tracks/1hHcatFG2PzL9kbEmzGXXK,https://api.spotify.com/v1/audio-analysis/1hHcatFG2PzL9kbEmzGXXK,164821,4,1hHcatFG2PzL9kbEmzGXXK
0.686,0.143,10,-17.128,0,0.0509,0.907,0.951,0.0925,0.823,132.895,audio_features,22i84zNcDIUXiLbClNnIFf,spotify:track:22i84zNcDIUXiLbClNnIFf,https://api.spotify.com/v1/tracks/22i84zNcDIUXiLbClNnIFf,https://api.spotify.com/v1/audio-analysis/22i84zNcDIUXiLbClNnIFf,173233,4,22i84zNcDIUXiLbClNnIFf
0.728,0.223,6,-13.574,0,0.148,0.344,0.957,0.113,0.222,81.787,audio_features,4UQQogTx7oNOP8xXSsHKRK,spotify:track:4UQQogTx7oNOP8xXSsHKRK,https://api.spotify.com/v1/tracks/4UQQogTx7oNOP8xXSsHKRK,https://api.spotify.com/v1/audio-analysis/4UQQogTx7oNOP8xXSsHKRK,133576,4,4UQQogTx7oNOP8xXSsHKRK
0.678,0.168,5,-14.145,1,0.066,0.828,0.917,0.0868,0.316,60.257,audio_features,4WwgIpgmdKNMaIrSWHpU9m,spotify:track:4WwgIpgmdKNMaIrSWHpU9m,https://api.spotify.com/v1/tracks/4WwgIpgmdKNMaIrSWHpU9m,https://api.spotify.com/v1/audio-analysis/4WwgIpgmdKNMaIrSWHpU9m,162176,4,4WwgIpgmdKNMaIrSWHpU9m
0.514,0.36,0,-11.601,0,0.0676,0.329,0.838,0.113,0.231,173.205,audio_features,6Nn8QZlJbkCOL8GMHKDh4Y,spotify:track:6Nn8QZlJbkCOL8GMHKDh4Y,https://api.spotify.com/v1/tracks/6Nn8QZlJbkCOL8GMHKDh4Y,https://api.spotify.com/v1/audio-analysis/6Nn8QZlJbkCOL8GMHKDh4Y,120079,1,6Nn8QZlJbkCOL8GMHKDh4Y
0.783,0.365,7,-11.415,1,0.344,0.605,0.431,0.099,0.637,171.981,audio_features,7MLeHh8FtEfLl4ttqDYFLz,spotify:track:7MLeHh8FtEfLl4ttqDYFLz,https://api.spotify.com/v1/tracks/7MLeHh8FtEfLl4ttqDYFLz,https://api.spotify.com/v1/audio-analysis/7MLeHh8FtEfLl4ttqDYFLz,164000,4,7MLeHh8FtEfLl4ttqDYFLz
0.824,0.217,2,-11.9,1,0.0949,0.193,0.849,0.0597,0.396,140.04,audio_features,3BUZA3vKy4ZLFtFFSYih4O,spotify:track:3BUZA3vKy4ZLFtFFSYih4O,https://api.spotify.com/v1/tracks/3BUZA3vKy4ZLFtFFSYih4O,https://api.spotify.com/v1/audio-analysis/3BUZA3vKy4ZLFtFFSYih4O,176788,4,3BUZA3vKy4ZLFtFFSYih4O
0.546,0.114,11,-21.232,0,0.0267,0.987,0.943,0.107,0.252,73.332,audio_features,7rPV8yOkplv1yJVqu4BYzQ,spotify:track:7rPV8yOkplv1yJVqu4BYzQ,https://api.spotify.com/v1/tracks/7rPV8yOkplv1yJVqu4BYzQ,https://api.spotify.com/v1/audio-analysis/7rPV8yOkplv1yJVqu4BYzQ,119115,4,7rPV8yOkplv1yJVqu4BYzQ
0.636,0.291,6,-11.762,0,0.0484,0.723,0.871,0.0958,0.246,164.256,audio_features,4tNuZAL1qmS0bck0MRxzB5,spotify:track:4tNuZAL1qmS0bck0MRxzB5,https://api.spotify.com/v1/tracks/4tNuZAL1qmS0bck0MRxzB5,https://api.spotify.com/v1/audio-analysis/4tNuZAL1qmS0bck0MRxzB5,107896,4,4tNuZAL1qmS0bck0MRxzB5
0.789,0.162,5,-13.013,0,0.095,0.81,0.94,0.0885,0.434,86.98,audio_features,42tgXaJnZPi0golENGqu0m,spotify:track:42tgXaJnZPi0golENGqu0m,https://api.spotify.com/v1/tracks/42tgXaJnZPi0golENGqu0m,https://api.spotify.com/v1/audio-analysis/42tgXaJnZPi0golENGqu0m,126897,4,42tgXaJnZPi0golENGqu0m
0.436,0.395,9,-10.775,0,0.235,0.841,0.904,0.185,0.325,174.151,audio_features,3P1tCRQym4n3D1bzRCD9eG,spotify:track:3P1tCRQym4n3D1bzRCD9eG,https://api.spotify.com/v1/tracks/3P1tCRQym4n3D1bzRCD9eG,https://api.spotify.com/v1/audio-analysis/3P1tCRQym4n3D1bzRCD9eG,116345,3,3P1tCRQym4n3D1bzRCD9eG
0.441,0.287,8,-14.969,1,0.0482,0.897,0.881,0.111,0.127,119.06,audio_features,4MLAmQRuB1rF3GuINzqCfw,spotify:track:4MLAmQRuB1rF3GuINzqCfw,https://api.spotify.com/v1/tracks/4MLAmQRuB1rF3GuINzqCfw,https://api.spotify.com/v1/audio-analysis/4MLAmQRuB1rF3GuINzqCfw,131516,4,4MLAmQRuB1rF3GuINzqCfw
0.518,0.238,9,-20.043,0,0.0459,0.987,0.93,0.245,0.213,61.892,audio_features,2y6ZE6KAmAJ3v3PonCUSG9,spotify:track:2y6ZE6KAmAJ3v3PonCUSG9,https://api.spotify.com/v1/tracks/2y6ZE6KAmAJ3v3PonCUSG9,https://api.spotify.com/v1/audio-analysis/2y6ZE6KAmAJ3v3PonCUSG9,147736,4,2y6ZE6KAmAJ3v3PonCUSG9
0.856,0.131,7,-13.302,1,0.0505,0.827,0.927,0.0658,0.251,148.054,audio_features,06WylhtWW6FOcpuHeRflYI,spotify:track:06WylhtWW6FOcpuHeRflYI,https://api.spotify.com/v1/tracks/06WylhtWW6FOcpuHeRflYI,https://api.spotify.com/v1/audio-analysis/06WylhtWW6FOcpuHeRflYI,141432,4,06WylhtWW6FOcpuHeRflYI
0.566,0.344,11,-15.349,0,0.117,0.9,0.934,0.115,0.178,81.2,audio_features,3U7NYEr9gxof6iZU14fFap,spotify:track:3U7NYEr9gxof6iZU14fFap,https://api.spotify.com/v1/tracks/3U7NYEr9gxof6iZU14fFap,https://api.spotify.com/v1/audio-analysis/3U7NYEr9gxof6iZU14fFap,167407,4,3U7NYEr9gxof6iZU14fFap
0.715,0.202,8,-20.651,1,0.0499,0.986,0.95,0.0996,0.4,135.981,audio_features,0XVCrIWyBAitwZvBzsOxUj,spotify:track:0XVCrIWyBAitwZvBzsOxUj,https://api.spotify.com/v1/tracks/0XVCrIWyBAitwZvBzsOxUj,https://api.spotify.com/v1/audio-analysis/0XVCrIWyBAitwZvBzsOxUj,180882,4,0XVCrIWyBAitwZvBzsOxUj
0.734,0.313,5,-12.467,0,0.032,0.927,0.925,0.212,0.21,128.012,audio_features,0r3CSiF4C5D8mRoePt5pAk,spotify:track:0r3CSiF4C5D8mRoePt5pAk,https://api.spotify.com/v1/tracks/0r3CSiF4C5D8mRoePt5pAk,https://api.spotify.com/v1/audio-analysis/0r3CSiF4C5D8mRoePt5pAk,222656,4,0r3CSiF4C5D8mRoePt5pAk
0.594,0.198,9,-10.406,0,0.0405,0.864,0.925,0.116,0.1,79.987,audio_features,6TSI11S5y4La5TJKCbG60u,spotify:track:6TSI11S5y4La5TJKCbG60u,https://api.spotify.com/v1/tracks/6TSI11S5y4La5TJKCbG60u,https://api.spotify.com/v1/audio-analysis/6TSI11S5y4La5TJKCbG60u,192000,4,6TSI11S5y4La5TJKCbG60u
0.76,0.192,3,-19.269,0,0.0426,0.938,0.946,0.0835,0.182,116.032,audio_features,68Sd5DX2RZ6x2yYS8LGmA5,spotify:track:68Sd5DX2RZ6x2yYS8LGmA5,https://api.spotify.com/v1/tracks/68Sd5DX2RZ6x2yYS8LGmA5,https://api.spotify.com/v1/audio-analysis/68Sd5DX2RZ6x2yYS8LGmA5,162332,4,68Sd5DX2RZ6x2yYS8LGmA5
0.528,0.31,2,-10.566,1,0.24,0.834,0.861,0.0912,0.311,172.05,audio_features,4EeODcvxC8Dsp5asG2UBLZ,spotify:track:4EeODcvxC8Dsp5asG2UBLZ,https://api.spotify.com/v1/tracks/4EeODcvxC8Dsp5asG2UBLZ,https://api.spotify.com/v1/audio-analysis/4EeODcvxC8Dsp5asG2UBLZ,172185,4,4EeODcvxC8Dsp5asG2UBLZ
0.525,0.213,5,-18.791,1,0.0301,0.849,0.788,0.105,0.622,91.704,audio_features,1fZP6cD3USWErdudyqZfyD,spotify:track:1fZP6cD3USWErdudyqZfyD,https://api.spotify.com/v1/tracks/1fZP6cD3USWErdudyqZfyD,https://api.spotify.com/v1/audio-analysis/1fZP6cD3USWErdudyqZfyD,141500,4,1fZP6cD3USWErdudyqZfyD
0.696,0.205,4,-16.024,0,0.0751,0.937,0.749,0.0903,0.146,79.947,audio_features,6bhFEZk0olU686Ru0caQdM,spotify:track:6bhFEZk0olU686Ru0caQdM,https://api.spotify.com/v1/tracks/6bhFEZk0olU686Ru0caQdM,https://api.spotify.com/v1/audio-analysis/6bhFEZk0olU686Ru0caQdM,144000,4,6bhFEZk0olU686Ru0caQdM
0.637,0.247,5,-14.415,1,0.0341,0.423,0.798,0.109,0.344,110.99,audio_features,1J9BYYrLNAXITz3zI1fQ1p,spotify:track:1J9BYYrLNAXITz3zI1fQ1p,https://api.spotify.com/v1/tracks/1J9BYYrLNAXITz3zI1fQ1p,https://api.spotify.com/v1/audio-analysis/1J9BYYrLNAXITz3zI1fQ1p,153570,4,1J9BYYrLNAXITz3zI1fQ1p
0.622,0.399,3,-12.812,1,0.0339,0.877,0.834,0.0744,0.176,150.043,audio_features,52GbbCVUSxPSOkTuKW1lX9,spotify:track:52GbbCVUSxPSOkTuKW1lX9,https://api.spotify.com/v1/tracks/52GbbCVUSxPSOkTuKW1lX9,https://api.spotify.com/v1/audio-analysis/52GbbCVUSxPSOkTuKW1lX9,148389,4,52GbbCVUSxPSOkTuKW1lX9
0.52,0.52,6,-17.153,1,0.0472,0.54,0.835,0.235,0.48,128.601,audio_features,4EOwUD18fF4cPfAVoQkMGg,spotify:track:4EOwUD18fF4cPfAVoQkMGg,https://api.spotify.com/v1/tracks/4EOwUD18fF4cPfAVoQkMGg,https://api.spotify.com/v1/audio-analysis/4EOwUD18fF4cPfAVoQkMGg,103500,4,4EOwUD18fF4cPfAVoQkMGg
0.613,0.0491,1,-18.538,0,0.0668,0.761,0.916,0.11,0.218,139.988,audio_features,4LYRChJpx7OzHNwUvfvB94,spotify:track:4LYRChJpx7OzHNwUvfvB94,https://api.spotify.com/v1/tracks/4LYRChJpx7OzHNwUvfvB94,https://api.spotify.com/v1/audio-analysis/4LYRChJpx7OzHNwUvfvB94,205723,3,4LYRChJpx7OzHNwUvfvB94
